Username,Label,Text 
Rainisa,1,Nnti dibilang Jawa Katrok marah pdhl merugikan byk org.
Gajah Oling,0,Karena yg suka kebanyakan orang SDM RENDAH dan mirisnya banyaaaaaak sekali SDM RENDAH nya
@tehjahhee,1,"""JAWA ADALAH HAMA"" yg berbuat segelintir,yg kena getah satu suku anj emang padahal sebetulnya banyak juga orang jawa yg muak sama kelakuan begini"
@simawalisi,0,Apakah sikap saling menghargai sudah luntur dari kehidupan sehari-hari bangsa Indonesia?
@kojur_saestu,0,Bangsa primitif. Nyari apa coba bikin gini2 ?
@ugedt_ugedt,0,rasanya senang banget liat umat beragama damai dan adem ayem
@Kosasih0706,0,Budaya tolol sih bikin malu kami warga asli Jawa yg waras
@Gojosatoru96214,1,Tahun dah baru tpi javva masi primitif
@kanjengbagos,0,Hiburan orang susah yang nyusahin orang laen... Mulyono's vibes
@dewaxgamex,0,"mungkin yg jualan kaca sepi jadi ini gunala sound horeg, biar bahan bangunan dan kaca banyak dibeli. meningkatkan umkm penjual"
@MuhamadDja32150,0,Lanjutkan kebodohan ini kawan !!!
@h45bizack,0,"Warga nya diam aja ya gak ada kapok nya lah, coba bakar rame rame"
@hatsonghosting,1,"kitab kok revisi berkali -kali, pemuja israel emang kagak jelas goblok"
@masSastro12,0,nah...sebuah contoh nyata (lagi) : ketika TEKNOLOGI berada di tangan org bodoh.... maka beginilah jadinya
suparboskut,0,"itu bentuk mereka melestarikan budaya mereka, selama itu baik dan tidak merugikan sah sah saja"
@jatimkuatbolo,0,Mari kuatkan rasa toleransi antar golongan di masa pilkada
@transjawirout,1,Tebak suku
@tessamaylik,1,mending diurusin dulu tuh warga kulit hitam kelakukannya udah kek monyet kebun binatang
@tidursianggggg,0,coba lempar bensin sama api
@awekensfox,0,yang begini dipelihara sama pemerintah
akiTArawan,0,Sayang banget tidak ada yang pelihara kebudayaan jawa kuno padahal bagus banget
@elfajr25,0,Budaya yang ngak ada manfaatnya Cuman menjelekkan Jawa khususnya jatim
@jodie_pn,0,"umat Kristen kalau ibadah rasanya damai banget ya, dulu masuk ke gerejanya dingin banget dan sunyi"
@HermawanTsa,1,Cuma modelan jamet katro aja sih kaya gitu
@RAryaBaribin,1,muslim bontot ini kebanyakan gaya emang isinya hijab narsis
aisyah10,0,"Gue mahasiswa sastra budaya, dan gue mengakui di Indonesia ini sangat diverse. Kebudayaan mereka sangat beragam dan bervariasi. Contoh aja banyak perpaduan budaya Cina dan Jawa yang bikin unik dan legit. Lalu ada perpaduan Kristen dan Jawa yang dimana itu buat gue kagum karena mereka ibadah sekaligus melestarikan"
@everysociETE,1,sono keluar lu sebelum gua bakar tempat lu doa
What Zit Tooya,0,"Katanya sama2 menikmati jd susah, kecuali warga melawan. Lempar aja bensin satu plastik dah kelar tu."
@DavidBonx,1,"Tlg jgn bilang jawa, krn kami di jateng sekuat tenaga bakal menangkal budaya taik mcm gini."
@jumjumareka,0,"Menghargai adalah bentuk Bhineka Tunggal Ika, kalau kamu bisa menghargai teman seagamamu dan setanah airmu. Yakin Indonesia Emas 2045"
@ASMULYADI6,0,Harus ada aturan yang jelas....spy TDK terjadi hal seperti ini
@abdullah100570,0,Gambaran manusia manusia primitif..
@andisuhendra121,0,SDM ter rendah di. Dunia
@riskal_put42600,1,Tapi modelan manusia tai gak beradab yg kek ginian cuma di bagian jawa ya. daerah lain ga ada
@Brngus,1,Jawa yg katrok udh ke bnyak populasi jd butuh hiburan smpe horeg2 gitu
arifhermawan,0,barusan gue cobain restoran cina di PIK2 enak banget
@arnintyaedogawa,0,Iq yg tdnya rata2 90an jd 78 gmn gk makin makin ini negara. Budidaya SDM rendah supaya mereka2 mafia punya kuasa sampe ajal menejemput
@edisart4,0,melanggar ham...
@JRisasta,0,"di Singkawang, suku dan umat beragama damai saja loh, pantes no 1 kalau urusan toleransi"
MajelisMusik,0,Selamat natal buat teman-teman Kristen dan Katolik se-Indonesia
@dstkpnlg,0,Sampah masyarakat
@KodimDinomo1205,0,"Gak ada manfaatnya, merugikan yang pasti."
@davano84,0,Gara2 beberapa orang yg goblok satu provinsi yg kena
@Carly_Taw,0,Kemunduran adab.
@id_footballer,1,"Pas ngatain yaman, sunda dibilang rasis. Pas ngatain jawir bilangnya becanda."
@elinghalang06,1,"ini gereja sebelah gw rame bat bangsat, apa gue prank lempar petasan kali ya?"
@martabakwidjeny,1,"Makanya banyak yg marah2, krn yg bukan islam tp punya anak hasil zina banyak bgt"
@fluvluvv,0,"Drtd ngomong anak hasil zina mulu, lu suka ngrendahin orang lain gini, paling suci lu??"
@The_Savior__,1,"Kenapa orang orang suka rasis ya, kait kaitkan dengan etnis. Mau chindo kek mau padang kek mau batak kek, itu Manusia."
@kapten32081,0,"tim sepak bola Indonesia masih bergantung dengan bule, ayo lokal jangan mau kalah"
@Darul_Ihsan__,1,Kera dimana mana selalu bikin ribut...
@rodi_mufrodi,0,Egois Nir adab Temperamental Pelit Bahil Tak berpendidikan=doh-bo
@berpendapatbisa,1,"noh liat tuh panutan lu si rizik, dasar agama paling sok, udah sok katrok lagi"
@Suhendri121416,0,"Begitu rapuh toleransi kita saat ini, , walaupun tidak semua tempat seperti ini, tapi inilah realita di lapangan"
@f_willem55842,1,Semakin lancang pada umat Islam.
@yongsheng30,0,Terima kasih Yesus hari ini diselamatkan dari kecelakaan di tol Jagorawi tadi.. bener - bener close call
@fhinoalfhian,1,"Iya teh,jelas bngt dia ucapkan ORANG SERANG, padahal BPK itu parkir di tepi jalan yg bukan miliknya dan bukan pula di depan gerbangnya.meski BPK itu salah ,ga usah sebut2 ORANG serang."
@DenasIdn1,0,Satu kata buat ibu itu : STRESS
@aimpanjaitan07,0,"Klu ini orang mati tolong tdk usah ada yg memakan kan, buang aja ke tempat sampah.."
@Ruby_R93,1,Orang serang mana tuh ? Ngomong aja CADEL GITU. MALU MALUIN ORANG SERANG AJA
@SuramaduJingga,0,Tak ada kata yg tepat utk si ibu tsb kecuali dungu
@PurnomoWiki,1,"Kgk bakal bisa , syarat wajib presiden adl beragama Islam dan punya darah Jawa"
@MaulanaSakli,1,"Apa Sudah Tidak Ada Orang Asli , Indo , SING , BERBOBOT."
@RajaMusaHidayat,1,"Semua mustahil bagi China apalagi China di dukung Partai Komunis Tiongkok, Peraturan dan Perundang-undangan Indonesia sudah jadi keset Partai Komunis Tiongkok"
AlexKvurna,1,si muslim calon pengebom rumah ibadah
@AlfatihNanda,0,"Najis !lempar k penangkaran buaya br jdi presiden buaya, mimpi lu u"
@alrosad_fadel,1,Jangan tebar isu yang ga mungkin terjadi...yang pasti presiden indonesia hanya dari keturunan jawa titik
@AJAXSWANTBS,1,"Yang nggak mungkin jd presiden indo itu nonpribuni dan orang indonesia timur , dan non muslim, jd pancasilanya baru angan2"
@Ten__Yasha,1,"SARA : Suku, Agama, Ras dan Antargolongan. Jomblo juga termasuk golongan ya kan yak? So, yang bully jomblo berarti SARA. MATI AJA KALIAN, BANGSAT!!!"
@swarnadiva11,1,kebanyakan makan babi percaya gak percaya kelakuannya pd biadab semua
@yedamlife,1,Karna jawa suka gak tau malu (gw jawa)
@Beningbuteq,1,"Tapi sebagai Jawa aku mengakui orang Jawa ngeselin Sok paling dominan, paling unggah ungguh, paling-paling dah... Susah menerapkan di mana bumi dipijak di situ langit dijunjung Sebagai Jawa aku kadang kesel... Kenapa aku Jawa... Malu iniii sama kelakuan saudara suku-ku sendiri"
@djhoedhyth_,1,"Tp maaf ya, aku keturunan jawa aja gamau ngaku sbg orang jawa"
@jopratama30,1,"Pernah dikata jawir sama orang sunda, gue diem2 aja soalnya dia lebih ireng dari gue"
@shifuyuujak,1,"ya jujur aja emang bnyk orng Jawa merasa paling dominan dan di atas segalanya krna ya nganggep paling maju di antara lain nya, jdi bnyk yg seenaknya"
@dianto_rusdian,1,iliran suku lain/sukunya sendiri kesenggol auto rame2 bilang rasis.
@itsjuicymango,1,"engga, biarin aja mereka hujat jawa kek gmn, yg jelas jawa bakal menguasai indo huahahahahahaaaaaa"
@matchamanisu,1,ni yg bikin jawir di benci. cuma indo bubar juga yang paling rugi mah jawir.
@BudimanHanif,1,Kepedean banget si lu wir wir
@xoxolofey,1,"Maafin ya menurut gue bukan org jwa aja, TAPI ORANG INDONESIA KALAU KESESAMA EMANG NGESELIN SEMUANYA, APALAGIII KALAU DI SOSMED."
@evanessca,1,"Emang anjing, Jawa dirasis mulu taiiiii"
@assaphile,1,org jawa adalah golongan orang yg paling munafik kalo tempat kerja lu di pabrik.
mcshinzle,0,"Gue dikasih angpao sama temen chindo gue, emang gapapa ges beneran tanya"
@minipuzzlee_,1,Tetangga gua namanya jawir njirt
@ammarfirda91920,1,"Inilah di semua platform. Di tiktok, fb, id, & ig pun sama. Dikit2 jawir"
fionacrisna,0,kombinasi makanan jawa dan cina emang ga pernah gagal say
vitaminu_,1,mata lu sipit banget ga bisa liat apa apa ya lu
@activMILK,0,"Selamat wisuda, teman kristenku satu satunya di univ ini HAHAHAHA"
@In1sial_S,0,pentingnya etika
HAGAnichI_I,0,tebak IQ mereka yg menghadang suporter jepang
yhozi_mamondol,1,JAWA=HAMA
werkudara,0,kenapa ya yang ngomong seperti itu rata rata akun private sama akun fake engga pernah berani pakai akun terbuka takut kena mental kah
Tik Toker,1,ga usah bawa2 suku kalo bcnda bos kalo ga mau suku anda di olok2
TEAJUS,1,suku lu gabisa apa apa akwoakwow
vizca barcaâ¤ï¸ğŸ’™,0,"nih maknya pasti kerja di klub malam ya, sampai anaknya gini gk ada yg ngajar"
aimakjang,0,"Ayolah masa kristen sama muslim berantem mulu, damai susah banget ya?"
Kaum Adam,0,SDM PERUSAK NEGRI MACAM PKI
banesalin,1,"kalau kulit hitam gitu, kalau ga papua ya jawir gamungkin chindo"
Sunhee8889,1,itu mah perilaku si kaum kawin cerai sunda..
cÙ¥Ê·â‚šÍ¦áŸ°á·œâ³Ù¥Ë¢,1,yg asli Jakarta ngak gitu yah yg kek gitu paling pendatang dari jawa
sibuknganggur6,0,"siomay asli cina daratan enak banget woy, pgn lagi"
Korean Silky Pudding | ì‹¤í‚¤ í‘¸ë”©,0,SDM BEGINI YG HARUS DIMASUKIN KANDANG NUSA KAMBANGAN
meychan123,1,muka sunda dan betawi gak heran sdm nya gimana
Yes_,1,Gak semua jawa begini tapi yg begini sudah pasti jawa
kontakget,0,"Selamat berpuasa teman-teman muslim, semoga kuat seharian yaa"
keramat,0,SDM RENDAH BANGET
Arga,0,tau kan?kenapa negri kita blum maju2 itu oleh kurang pendidikan dan adab
Dee Zolss,1,dari tampilan dan mukanya pasti dari sukuğŸ˜
D,0,yang ngehadang paling lulusan tk preman
f,0,GUE LIATNYA AJA MALUUUUU BANGETTT
@akuntwtke2,1,Ya emng jawa ngeselin anj
@11D_Libra,0,Aku Jawa tapi kata Jawir biasa aja sih mnrut aku.. gak ambil pusing..
@vanspyder,0,sumpah gak lucu sama kata jawir bisa-bisanya jadi bahan lelucon
@narendro0310,0,Atitude gk ada pak
@FaisholFar54073,0,Seperti nya yang tidak normal anda
@alans_kusuma,0,Samapahhh....hny mencemari pikiran kadrun2 dungu
@GumgumGumilar5,1,Bikin nama Islam tambah rusak aja....tapi ko dibiarin? Apa org org Islam memang seneng yg model begini....?
@parisvarisfaris,0,Rindu Mati kok Kon gk matekÂ² rek
irfanGahfron,0,Semua umat yang beragama harus bisa berdamai dengan sesama dan diri sendiri
@bangS41D_,1,"Hanya di Indonesia, para Pejabat tidak takut Tuhan. Beragama tapi tak ber Tuhan"
@tweepsID,1,"Mereka KORupsi, mereka beragama ISLAM dan disumpah jabatan, TAPI pas dikasih MAKAN BABI, dibilang HARAM, TAI BUKAN."
@adhityaibnu,1,"Di indon yg punya previlage mah bukan suku jawa, tapi orang kaya bor wk"
@tukangnya_ra,1,"Sori to say, orang Jawa lebih diterima di mana aja bukan karena mayoritas. Malu, bos, lu ngaku jawa ngomong gini."
@CutSarina5,1,"Ya ilah urusan dia mau naik apa saja dia itu orang Maluku Utara ,nah lu dasar kulit babi jangan di sini wkwkwkwkw"
Ksolomuani,1,Hati-hati di bom gereja lu ama mbak-mbak berhijab
,0,"Orang2 tolol pada bermunculan, pgn viral"
@beaubitta,1,Yaman goblog
@CutSarina5,1,Kau PKI anjing
@MaxisKu7,1,Aslinya mereka benci islam tp gk mau terus terang takut di serbu..yg ngaku islam benci Arab Yaman gk ada bedanya sm kafirÂ² harbi lainnya...
@mas_fadz,1,"Menurut sampean, Tuhan itu gampang murka? Duh tuhanmu rendahan..."
@sukri_hans,0,"Ga usah buang"" energi debat dgn mereka, ntar klo dah bebuih mulutnya diam sendiri"
amopasurya,0,"2025 semoga  semua agama (islam, kristen, katolik, budha, hindu, kong hu cu) dan semua suku di Indonesia bisa berdamai ya Alloh…."
@orangngetwiter,1,Asu peking piaran cina komunis menggonggong seperti itu ...
@Zulham20852389,0,"Itulah Indonesia,semua bisa bertindak sesukanya"
@AdhityaVik98837,0,Semoga saja para Dajjal dilaknat Allah beserta seluruh keturunannya
@widagdo_agung,1,Kadang heran..ada muslim yg benci bauÂ² arab..kok gada banggaÂ²nya jd muslim..maklum jd muslim jalur keturunan..heraaaaannn..
@dabolaww,1,Orang idiot dungu yg hina Yaman
@AmyNadaa31333,1,Mereka kaum yg gak berfikir
@MarSol6606,0,Semoga mereka yg memfitnah akan dipanggang abadi di Jahanam.
@Musramidal67,1,Hanya kaum KAFIR dan MUNAFIK saja berani menghina
@bernadera,0,WOW GANTENG BGT !!
@ko_setan,1,Agama jembot..
@onthesbrew,1,CHINA NGENT*T !
@aimakdres,1,ISRAEL GOBLOK PENJAJAH GAK TAU DIRI #ALLEYESONRAFAH
@Siputty1,0,Dimana mana orang yg melakukan tindakan pidana hrs di proses
@minpageant,0,"Semenjak  jawa timur kemarau, kulit ku jadi hitam sebelah woii, ada info sunscreen bagus gakk"
@mrbrew_,0,"keluarga gw campur cina islam dan jawa hindu aja masi bisa toleransi, masa kalian dari keluarga yang satu agama gak bisa guys"
@tanggal_tiga,0,Pilih kasih
@iam_helel,0,Kehilangan jabatan bisa buat gila yah
@kaummenep,1,"orang dayak isinya cuma orang gila budaya,menolak kemajuan negara habisi aja"
@baguspermono5,0,"Duuuh...seneng nya klo dia masuk jeruji itu, agak2 tenang, gk ada yg ribut2..."
@kebon_kadu,0,"bacot Lo ngomong seenak udel Lo,kalau bukan gerombolan Lo,Lo hantam gitu kan anying!!!"
@satriapemarah,1,"banyak belajar lagi ya, apalagi ttg agama, agamamu agamamu, agamaku agamaku, kenapa semua agama anda musuhi"
@yudianaputra7,0,"Lah anda duluan yg nyenggol dokter kok kayak gitu,,kebih pinter bocah SD sepertinya dengan pemikiran seperti itu,tapi titel nya dokter tapi otaknya,,ahh sudahlah..."
@gelarbuana,1,Dia musyrik dok boroÂ² muslim..
@Hyperkyu86_,0,Ini emaknya siapa sih? Apa anaknya nggak malu ya?
@IrengTeratai,0,Bila gak ngerti kejawen mingkem cocote cuk.
@tiutwk,1,Kejawen beda ama muslim goblok
shrents,0,Aku lagi belajar kebudayaan Jawa yang keren banget woiii
@Abdy08588140,1,Si bacot perusak negara
@HendroSwito2,1,Lu Islam kan?mana ajaran yg membenarkan hal tersebut???jilbab lu bukak aja
@TSiotong,0,Ngeles terus utk bela diri kau tolol..
@urimahskt,1,"jilbab lu tuh kagak guna bangsat, lu aja masih minum miras tolol malu"
@Bamseuropa,0,"Sekelas dokterpun kalau dah fanatik akut..jadi hilang akal sehatnya, tak lagi mampu berpikir secara komprehensif ,yang terisi bayangan dan iliusi dlm pola pikirnya.."
@PangeranBiru212,0,Dia sombong nantangin adzab Allah.
@revanolikesyou,1,Diam kau mulut busuk kebak kopet asu
@yanuarabadi33,0,Lihat saja orang begitu nasibnya gimana besok.
@udinkampreto,1,Negara ini sedang proses islamisasi Nusantara.. Mengkerdilkan Pancasila..
@_gobangAHMAD,1,"Kecewa banget saya sebagai muslim, kenapa ada orang seperti itu?"
@Renezance201,1,"Hebatnya org kristen, bahkan doanya pun bisa menggetarkan iman orang islam dan bikin mereka pada ketakutan hahaha makanya ibadahnya orang kristen selalu dibubarin karena orang islam takut imannya goyah wkwkwkwk"
@Ari_koto01,1,Umat Kristen kok sering gitu ? Ibadahnya sering cekcok dengan warga
@ms_ade1,0,"pola pikir primitif, sdm rendah"
@JulianLowo,1,udah pasti penyembah blackbox muslim ini sangat primitif
@simsimtgl,1,gara gara tdk beribada pd muhamnat.. agana lain dilarang... dasar mreka agama brengsek
@Wa01doank,0,Entah kapan sadarnya gerombolan orang2 spt ini..
@mahendra_f,0,Ngisin2i wong darjo cok!
@AnimismeL,1,Ntar kelakuan si mayo ini disentil langsung teriak2 islamphobia
@emmii_bijak,1,Dasar hukum kaum intoleran membubarkan ibadah minoritas
@nggragasskoe,0,Warganya aja yg bego...mau aja dikadalin terus
@Mashudi89834212,0,Sy masih sehat dan berfikir logis...nalar anda tidak masuk akal
@SomarwaneSefnat,0,Licik + munafik orangnya
@BakmiSow88,0,"Selamar ulang tahun, presidenku semoga selalu dalam lindungan Tuhan"
@lilibujikan,0,"Kalau makan jangan lupa berdoa, apapun agama kalian guys"
@Ratu31195942,0,Manusia seperti ini tidak bisa di jadikan pemimpin
@AimbinesMom,1,"Yang blg cina dibilang sara, lah yg blg begini mendadak mreka mrasa layak, herman"
@ata_namakecil,1,Kentara banget phobi kerudung ...
@MerahPutih1945A,0,"Ooooo... ini akademisi kurang ajar. Diksi-diksinya kurang ajar... SARA, menghina, merendahkan.... akademi bangsat ini"
@sempakDAR,1,"gua lagi beli ornamen imlek disuruh majikan, gak dilayani sama penjualnya dikira gua pingin jadi sok cina , tai emang gua bom tuh pecinan lu bangsat"
@LilyGunawan9,1,Muka nya aja keliatan manusia kejam..komunis TDk punya tuhan
@GincuMerah8,1,Kok masih ada ya manusia zaman flinstone di zaman sekarang
@dodongkalhaneut,0,cerdas otak tidak berbanding lurus dengan cerdas hati..
@HermanNapit7,1,"Emang Biadap , Dasar Kafir"
@Priyo__Muhammad,0,Bahasanya seakan akan dia manusia yang berakal dan beradab
@RFauzy5,0,"Gelar Berjibun, Isi kepala ketimun."
@Mbahhardiman,0,KELADUK WANI KURANG DUGO PROFESOR GOBLOK POL PENTOK
@kaidirmaha68,0,Bahaya kalau otak laknat kek dia ini jadi Rektor
@Priharyanto6,0,Ngomong gitu di depan ustri dan anak cewek gue. Patah tuh leher.
@MrGopalll,1,Ckckckck org jawa mang punya privilej apa sich?
@JanuarAde,0,"Selamat hari sumpah pemuda, baik hitam putih kuning perempuan pria kamu tetap bagian dari kemajuan bangsa kita"
@mas_bud12,0,"Gelar doank panjang, otak pendek, ehhhh"
@kunyilstipen,0,"Madura ternyata punya pantai tersembunyi yang masih eksotis, wajib berkujunjung buat kalian pecinta vitamin see"
@WinKurniaW4n,0,Padahal kalau menerima perbedaan agama mudah banget pasti ketemu solusinya
@BCiliwung98033,1,Karena mereka bodoh dan tolol jadi mendukung kunyuk-kunyuk zionis...
@Sirqieee,1,Kafir2 tolol pura2 ga liat!!!
@Kivlanov,0,Muka lu yang munafik
@RioFikaizart3,0,"para PENGECUT, DASAR OTAK2 Perusuh"
@jzaiphula,1,minimal kalau udah hitam itu kulit tolonglah kagak usah banyak bacot
@RAJ_tamon69,1,yg tetap kemakan sama jualan agama berarti masih bego ga pinter2
@james_salibana,0,Sombong angkuh dan congkak serta merasa diri paling suci. Pada hal bergelimang dosa. Awal dari kehancuran
@Bukan_Mukibin,0,Omongan setan
@Adian85765055,1,Ustad yg model begini merusak agama islam dan merusak tatanan demokrasi
@Perima_ID_,0,Koplok si naen .....harus ditangkap ini manusia bejat
@Lamber_Adonara,1,"Ustad jenggot putih pelir hitam , tuhan bingung surga atau neraka"
@AydinMoenaf,1,Ah silit ajaran kasih.. Asu kafir!!
@painapplesugar,1,"Iya si ga bawa kristen, tpi lgsung suku"
@tobing_mike,1,Saya yg Kristen memang lihat Orang Kristen mah emang OMDO
@Slamet_24wiro,1,Akun tolol yg benci dg islam
@Sito90514381,1,Islam di hina di permainkan dan di adu domba sejak Soekarno dah
@SharenHutabara7,1,"Laporkan propokator ini, telah mengadu domba agama islam"
@Astajimmmmmm,1,Kafir model bgini yg dipuja2 kadrun dongo
@WartoYudo,0,"Orang ga ada akhlak, bikin malu aja."
@GYatmoko,0,"Mahasiswa goblok, kapir dipuja...itu acara demo apaan?."
@dewasasedari,1,dewan perwakilan rakyat (DPR) atau dewan penyengsara rakyat? anggota komisinya goblok semua gak ada yang layak
@c10k_ecy,0,Nah kalau gini kan enak ya
@abuqhalid,0,Dua kata... Munafik dungu.
@FarrelAb_,1,"Berlebihan seh ancen, padahal jowo yo akeh seng koyok asu"
@mukhidjan,0,Guru binatang... Kelamaan gaul ama onta
@imabandaids,0,Minimal kalo tolol diem aja
@zamwerd,0,Ya mau apa yg diharapkan juga dari lu yg sama sama literasi rendah
@pisang_holeng,0,Kamu ngetik kaya gitu mikir engga sih
@guesswho1333,0,"Sender goblog anak monyet,mending sekolah lagi deh jangan bikin malu"
@rist_spait,1,SN ini beragama iblis....titik.
@aluvardpro,1,dasar agama pengebom handal pinginnya cuma sex sama malaikat
@i_mokoginta,1,Sdh tau istilah pri dan non-pri di +62 dipakai unt membedakan unsur ras
@abu_syfa,1,"Cina di indo harusnya bersyukur banget. Kalau balik ke negeri Cina komunis, bakalan jadi kuli deh.."
@ntijamet,1,"Gak ngaca apa diskriminasi etnis di perusahaan2 milik cina kayak bca, posisi sama tp gaji beda"
@paksudarlie,1,"DPR isinya iblis semua, tempat paling tidak suci setelah Tel Aviv"
@PujasAgeng1,1,"Mungkin org Kristen-nya bloon2, bedain halal haram aja ga ngerti"
@mbahliem24,0,"pokoknya pecundang,nggak bakal jujur."
@EddyTan42,1,"tudingan SARA Hanya buat muslim, selain muslim gk brlaku"
@sundaryie,1,Klo muslim ga bOLeh ya bangga dgn agamanya .. kemudian di bilang SARA. Tp mereka boleh.. krn solidaritas. MATAMU!!!
@cakipli_mdn,1,"medan dibawah pemerintahan mantu mulyono malah hancur lebur, tolol emang"
@Amrizaldy511,0,"Sangat mental kacung diperlihatkan sama bekingan, padahal pangkat begitu jgn mau di hargaii pakai duit"
@dantull_viruss,0,"masa pandemi dulu, indonesia adem ayem sekali jadi kangen"
@RakaRafael96,1,berita terikini cina yang suruh gonggong anak :
@ranarvmee,1,"Gara"" oknum kaya lu cindo masih dijadiin minoritas. Jangan mancing"" netizen lah . Kalo punya masalah mental sebelum keluar rumah minimal konsul psikolog lah . Kan lu orang kaya. Duit di pake buat sehatin fisik sama psikis. Kalo kaya gini kan setara agus jadinya"
@nattvgn_,1,bawel lu jawa
@nda7330,0,"Ancaman belaka bro, aparat di kemana in. Kan aparat tegas sekarg"
@Sagemuly,0,Itulah akibat rakyat tidak melihat kehadiran pemerintah
@nattvgn_,1,diem lu cina !
@Ario97447961,1,Wuih.....pasukan babi cina mana kalian ayo tuanmu diancam wkwkwwk
@PRASETY62585094,1,Buktikan dong ...!! Jangam asal ngacam tak terlaksana. Hahahahaha takut ya sama china
@diptanova,1,Ini maksudnya yg diancam WNA China/ WNI keturunan Cina?
@IrwanSt11,1,Seperti yg dilakukan vietnam walaupun dlm persenjataan kalah dari chino tapi strategi mereka mengusir semua warga dan keturunan chino dari vietnam akhirnya klepek2..
@siswt888,0,Ini bentuk cinta nkri
@hanafi10829579,1,"boleh juga tuh sweeping warga Cina perusak di negara ini, tadi siang di jalan NIMUN RAYA tanah kusir rumah orang cina ke tangkap menyimpan ganja 1 ton,ini yang harus di hukum mati si negara ini."
@mat_sodor,0,BANserep yg sering latihan perang malah kalah Nyali
@IsmailMSH2,1,Tidak semua org keturunan tionghoa setuju dng pemerintah RRC faktanya di Hongkong dan Taiwan mrk melawan pemerintah Cina..
@Kuzno5,0,"Bagus ini namanya pemuda, harus tegas"
@Maskumara,0,"Ngidam punya pacar chindo, pasti selalu diajak makan kue bulan"
@Rafli57104975,1,Ingat boong jgn selalu bangga bangga kan kaum cina...
@Pejuang85468485,0,HP buatan cina masih kredit mba?
@IbnuAbdillah333,1,Musnah China2
@SahraAhli,0,Muantafff
@AdiMDalimunthe,0,"Mudah2an sangar bukan karena belum kebagian ""jatah"". Proposal belum cair. LANJUTKAN!!"
@aimtal,0,"Mahasiswa yg hrs belajar ngucap Indonesia, bukan Indonesa"
@santritobat555,0,Smoga ga d ciduk intelejen
@ance_top,0,Top...! Ormas yg lain jg hrs ikut...!!!
@hemaviton99,1,bagus aza klo sweeping warga china....hahaha sweepingnya di lokasi hutan..tambang...
@p_priyambodo,0,Bangga sebagai alumni menwa bisa belajar mencintai negara sepenuh hati
@didit_norton,1,"Jumlah c1n4 di endonesa puluhan juta, mau ape loe... ape ape apee..."
@CutSarina5,1,"Kurang ajar Cina bangsat,sebuah vidio di sebuah restoran di Cina memperlihatkan kalimat syahadat di cetak di atas ubin ,bangsat nich yg di bangakan sama paling NKRI negara Komunis"
@thekruwils,0,Dimana tuh?
@RajaMusaHidayat,1,Umat harus siaga terhadap China Komunis
@King_Robeta11,1,Klo pernah nonton kungfu hustle pasti faham ada pelecehan thdp simbol Islam.. Ada di menit awal film.. Cina dari dulu memang udah memusuhi islam
@Centre7th,0,"Astaghfirullahal Adzim Insya Allah segera terungkap, segera diadili dan dihukum seberat beratnya, sebelum ummat bertindak"
@kemitris,1,Mari lakukan dakwah nubuwah segera ke seluruh China. Atheis bisa hilang tidak bersisa di China. Atheis hanya kegelapan yang akan sirna dengan sendirinya bila cahaya iman islam datang menerangi. Ulama apa masih ada yang faham akan hal ini? Siapa?
@apaanituu,0,"Bangsat sekali mereka koq bun, gak kapok kapok kena ujian"
@RebornElang,1,"Lagi di Indonesia Aja Orang Berani Menistakan Agama Islam, Apalagi di Sana Pusatnya Komunis Tambah Aja Kurang Ajarnya"
@de_zoffi,0,Ini sih tinggal tunggu azab langsung dari Allah. Semoga disegerakan ! Yang gak habis pikir mau-maunya penguasa RI mau jadi kacung manusia-manusia tak punya adab.
@tulusberjuang,1,Astaghfirullah Komunis bangsatttttt
@arkulu,0,Rezim sekarang memang kerjasama dengan partai komunis cina
@dol18263987,1,"bangsat moga2 kena bencana lo,gk abis2 y nyakitin islam"
@AlwiPapah,1,Biadab cina
@AbudanAzis,1,China adalah Kaum ya'juj dan Ma'juj. Kaum Perusak. Wajah PETAK. Mata Sipit. Sudah Saatnya Indonesia Memboikot China...
@CaveMan191919,0,KITA SATU RUMAH HARUS BERSATU DULU BARU TETANGGA BISA KITA BANTU
@RachmatBawono,0,Astaghfirullah
@HaraMondji,1,"China laknatullah....tunggu azab tiba. Aamiin, Qobul"
@Jonidi13,0,Ngajak ribut...
@CYaqin,0,"Di rezim ini, tampak mencolok banget nglunjak nya Cut..."
@sirojulhudaa,0,Tunggu kehancuran Negaranya..
@diki73552154,0,Ayo di viral kan biar malu tuh cebong
@herryjambul,0,"Kalau belum tahu pasti tempatnya jangan share, tak baik untuk emosi juga bermasalah kalau terjadi gesekan."
@Nazarjuli16gma1,1,Negara dan warga nya sama sama haramjadah
@P4b10_420,1,"Jika Ingin Menguasai Orang Bodoh, Bungkus yang Batil dengan Agama IBNU RUSYID"
@Rifki051201,1,Calon pemimpin oligarki selanjutnya ni yang menindas rakyat dengan kekuasan 11 12 sama saat ini
@Jayud9,0,Ooo bgtu ...hal yg menyedihkan di saat niat datang bersilaturahmi harus di putus dgn emosi dan ambisi..
@salivakarno,0,"gue udah 20 tahun tapi kagak bisa pimpin doa di gereja, maafin ya tolol bgt gue"
@valexiax0,0,restoran cina di deket pangsud kalau nyajiin makanan sopan bgt woi mana makanannya enak banget
@leonidz78,0,"Intruder itu sangat banyak di indonesia, rapuh pertahanan negara."
@DukuhYunuz,1,Cina lagi cina lagi ...bagong emang bikin masalah mulu
@MCentre69,0,Selalu kasus tipu tipu dari kaum ini....belum pernah tersiar pendatang dari Arab gitu
@rianchang2,0,miris sedih kondisi negara sampai segininya
@EBRoestono,0,BROO.... digambar berita KTP KENDARI.. kok bisa bikin di Jakarta???? UNFOL DEH..gak mutu.
@Muhamma05385419,0,Agama Islam? Ga salah tuh dukcapil??
@DekNanang,0,Banyak tukang sulap jalanan
@King08Salman,1,Pelihara cinak = pelihara racun.
@HokiMenang,0,Negara amburadul
@irfan_boement,0,Alangkah lucu nya negeri ku...sekarang..
@mas_bud12,0,"Pujaaaa kerang ajaib,"
@VesalHakim,1,Siapalah bajingan yg ngijin manusia ini masuk dan bikin KTP.... mestinya diusut tuntas...
@faisalgeulangg1,0,Baru tau ya........banyak masih yg spt ini berkeliaran
@qalsrama,0,Trus dipenjaranya dimana? Di Zambia?
@marso10033621,0,yang mengeluarkan KTP seharusnya ditangkap
@andialmeera,0,Hanya di RI bikin KTP dan segala2 nya mudah bagi WNA(ada uang sgl nya pun mudah)
@jprabo,0,Negeri ku semakin hebaaat....
@sudahyasayangya,1,"prabowo sama jokowi cuma kacungnya cina, bisanya cuma jilat si jinping"
@tukanganalisa,0,ancur
@Tulkiyjemm,0,Jangan2 kekurahan yg nganter si joko kemaren..
@okidwipie,1,"Btw, dua2nya sama2 bigot rasis. Yg satu ngatain ""dasar c*na"", yg satunya bikin hestek ""musl*m dodol""."
@dika_dikungz,1,Udah deh kalo jawa muslim lagi pada berantem masalah agama ini kita cina-cina nonis ini ga usah sok ngide ngikut2 dah :) kek yang paham aje ributnya kenape.
@nyomskyy,1,"Heran, kenapa ni org cina pilih kasih ama anak jawa, pedittttt. Tapiiiii, l inget2 lagi cerita2 dr Mama, waktu kecil suka dimusuhin sm anak2 jawa, dikatain ""dasar cino"". Suka diajak berantem, dilemparin batu, dll. Kasian, lebih keras coy drpd diriqu."
@neti260981,1,kalo berantem ngatain: dasar jawa! dasar cina! biasa aja tuuuuh...
@sudahvaksinasi,0,Aku mau jalan2 ke jember tp lewat bandung dulu liat orang jawa dan cina berantem pukul2an sampe mati tp ternyata ga jadi
@Tita83079013,0,"Toko orang Tionghoa di beri nama , sumber rejeki , sinar mas , wayang , podo moro Toko orang Jawa di beri nama : qulbu ,bilqis ,halal, al iksan , barokah ."
@RulliKhoiriyah,1,"Di dalam TJ pun bisa terjadi rasisme ya Di area khusus wanita ada 2 laki-laki, yang 1 berlogat Jawa, yang 1 seperti keturunan Cina. Ditegor suruh pindah ke tengah (area laki-laki), 22nya malah berantem. ""Udah diem aja lu Cina"" ""Eh Jawa, gak usah nyolot lu"""
@Dydydi,0,"Tu namanya geer, Baper .. Gw tiap hari dipanggil koko ya cuek aja. Di ajak berantem pake di panggil koko ya cuek aja .g usah sok framing rasis. G toleran dll.. Biasanya orang yang baperan,sok geer itu yang rasis.. Dah dari dulu Cina dipangging cici koko. Jawa,mas mbak,"
@utisuperb,1,"Krn prnh ngerasain tenangnya solat dan damainya misa, pernah mikir ""Untung gw org Jawa"" dan ""Knp gw ga terlahir Cina aja sih"", serta belajar ttg bgmn pengalaman seseorg membentuk kepercayaannya waktu pendidikan psikiater, kok rasanya sedih ya melihat orang berantem krn beda paham"
@Anonymouslem_X,1,"Masih kalah lah ma cina, orang jawa sunda minang dll yg mau nurut bisa disekolahin sampai kuliah, akademi dibayarin daftar PNS dimodalin dibayarin SK nya... kurang apa tuh baeknya mereka? Haiyyaaa hahahahahahahaa"
@therapeuticsoul,0,"cewe jawa selain kata ""terserah"" juga akrab dengan kata ""manut"" contohnya: ""mau makan dimana ini?"" ""manut wes"""
@wahhabicc_jabar,0,KOPLAK...!!!
@TretanMuslim,1,"Orang madura klo dagangannya mau di gusur satpol PP bakal beralasan : ""Ini bukan tanah pemerintah, ini tanah gusti Allah"""
@Senhaeyoe,1,Apakah nanti ada sate Madura bertoping sabu?
@diaioen,1,Asal untuk ngaji gpp. Tapi kalo untuk doa di greja gaboleh..
@kwackyy,1,"gabakal seru orang madura diajak debat, jawabnya langsung ke raja terakhir"
@Rathalos_Ruby,1,Ustaz Snoop Dogg
@makan_keliling_sby,0,Kalian sudah pernah coba makanan khas Madura ? Wajib coba nih soto daging Basmallah dekat jembatan Suramadu
@segogorengpedes,0,Anti kalah kalah klub
@yugaridoanggara,1,"Bisa bang, Apalagi kalau lagi lapar. SArapan BUbur kan nambah semangat ngajinya Hihihihi"
@normansafii05,0,Madura tiada tanding
@ikhaikoh,0,Madura empire
@rizkyfortuna_12,1,Susah klo udah sama orang Madura
@baguskaguya,1,Orang arab takut sama orang madura. Kata jendral sunda empire
@arief_kuy,0,"Adem banget pas paus dtg ke istiqlal, serasa indonesia jadi negara paling toleransi sedunia"
@male_dryad_,1,orang madura hatam life hack melewati dari api neraka ya
@MasRichieYogs,0,"Halo pak Muslim, ati"" di carok antum wkwk"
@rizki_faqih,0,Akhirnya yg ditunggu2 orang madura asli berkomentar hahah
@IdMufti,1,Gini nih kalo ustadz ijazahnya nyogok;v
@rizal_su19,0,Aku cinta madura wkwkwk
@madegunawan48,1,Jawa = hama
@wekilonyapo,0,tebak suku yang sering hina jawa
@madegunawan48,0,Bali terpandang bahkan didunia bos
@kinan_pwed,0,"gak sabar buat nonton indonesia di pildun nanti, jangan buat rusuh lah ya"
@dimas.andika.sapu7,0,"orang"" di Bali ga ono sing koyo ngono kui, gw kenal orng Bali aj bru kenal ga da yg bgni"
@lyaamlbb04,0,"klo g suka skip/diem aja bg, g smua hrus di ungkapin"
@lyaamlbb04,0,"lah? btul lah kata gw, klo g suka skip aja dri pda lu komentar buruk, inget buat org sakit hati itu jga dosa"
@abizldkspdjohdlzb,0,sunda
@hiliihkimaqq,0,laah sunda juga jawa
@hiliihkimaqq,0,suku Sunda dan Suku Jawa sebenarnya berasal dari nenek moyang yang sama. nenek moyang kedua suku ini berasal dari dataran Yunan di tiongkok
@kakarotgoku_,0,kocak Sunda juga kenak kalik
@kakarotgoku_,1,"iya, semua suku juga saling ngatain, malah nih yak, gw tinggal di Jateng sering ngatain gw Sunda itu femboy"
@razord06,0,jawa apanya kalo lu bilang sunda di p.jawa baru bener
@WilsonS158,0,"""Virus"" yg paling berbahaya adalah mereka yg ber selubung agama membodohi masyarakat Indonesia."
@razord06,0,"sunda ya sunda,jawa ya jawa,sunda lebih dulu ada ketimbang suku jawa di p.jawa."
@ikisigma,0,"setau gue yg orngÂ² suku sumatera dah, kalo Sunda emng udh dari dulu tapi cuma lucuÂ² doang"
@gmnambeng,0,sunda ga mau mengganggap bahwa sunda dari Jawa
@clara79644,0,ini bahas suku bukan keturunan. kalo kita bahas keturunan kita semua sama keturunan nabi adam
@SusantySan63509,0,Kontol tom lombong sdh seharus nya di basmi ini orang
@dol18263987,1,"bangsat moga2 kena bencana lo,gk abis2 y nyakitin islam"
@PIUL_weld,1,"LamaÂ² RAKYAT cma jdi budak.. pejabat jdi penjahat,, tiongkok jdi penguasa.. HEBAT BUANGAT TANAH AIR BETA."
@anjazpride31,1,sunda ama entitas indonesia timut si hitam hitam
@abizldkspdjohdlzb,0,"iya, sbnr nya jg bkn soal daerah si, tapi orang nya yg rasis atau ga"
@hanzurboyyy,0,"lampung juga sering bang, gw tinggal di lampung soalnya"
@gnk_202,1,sunda gak punya pulau
@MazaZhang,0,"Lah ini kan pik wajar banyak orang Cina, org pribumi jg banyak kok, rasis amat lo bang"
@Rendraviola,0,"Kita punya uang, kita punya kuasa"
@JhonRonal19,1,"Negara Indonesia ada karena orang Cina dtg ke Nusantara, taik cina juga berharga"
@Salmanbest41489,1,Mana yg ngaku pribumi yg selalu koar koar pribumi kalo ada kaya mingkem semua mulut nya
@indo_mie13,1,Mau kaya kek kami etnis tionghoa ya kerja dan berusaha klo jatuh bangun lagi biar bisa bersaing bukan malah ngeluh ngeluh ngeluh lalu nyerah dan salahin orang yang sudah sukses  sampk kiamat pun klo hanya ngeluh ya ga bakal bisa bersaing sama kami hahahahaa
@hannnnnnnnn30,0,perasaan itu bukan wilayah indo dah
@hannnnnnnnn30,1,"bukan lu bg, gw punya kawan sunda di wa aja srg rasis"
@.why_sptra0,1,asunda bro sering bngt itu
@4r1s4a,0,batak
@Ali_M_A_Siregar,1,"Fakta banget..tapi pribumi bnyk gak sadar betapa jahat nya misi cina"" biadab mau menguasai Negeri ini"
@Zipo_8,0,"Nih anjing nusuh negara sesungguhnya, ngadu domba cina ama pribumi. Ekh anjing lo HTI ya?"
@SHS6174,0,Kalau miskin dan ga sanggup beli ya jangan menghasut wkakwkakkk
@argusjulz69,1,Eh hijab betinaâ€¦ rasis aja masihan si 2024â€¦ mending hijabmu buat sumpel congormu yang rasisâ€¦ mending lu ke palestina jualan kemem aja drpd bacot.
@alan30552,0,lahir tahun berapa bro? gk pernah tau kerusuhan mei 1998?
@titik.titik.titik.apalah,0,lu Wak lu suka bikin adu domba
@kefin.prayoga2,0,Aceh nomor satu
@alan30552,0,ingat ya guys chindo dan yang lainnya tak pernah saling konflik dari dulu sejak indo belum berdiri sudah hormat berteman bersaudara
@kacamataasoyy,1,pendukungnya anies ini pokonya bencin banget china cina padahal hapenya made in china
@HakamH5,1,Orang Tionghoa tidak boleh punya tanah di Jogja karena dulu etnis Tionghoa mengkhianati Jogja itu Sejarah.
@Arka1874,1,Ga heran selama hidup orang yang aku liat sering julid parah tuh ya org2 di pulau jawa
@saturrine,1,"BENAR, setengah orang Jawa di dalam diri saya suka ngomongin dari belakang, setengah sumatera suka konfrontasi"
@decal__comanie,0,"Batak juga, tapi depan-belakang main juga WKWK"
@madunx234,1,IKN - Ini Negara Konguchu 
@Gmailgmail43325,0,"ANJING BGT BISA NYURUH ORG GONGGONG, SANTET AJA ORGNYA, SUMPAHIN BIAR GA BISA NGMNG CUMA BISA GONGONGG TUH ORG JAHAT"
@hydra3507,0,"ngakak dari zaman kerajaan Majapahit adem ayem katanya terus alasan kerajaan Majapahit sama kerajaan Sunda (gajah Mada) kalau gak salah, kenapa mereka sampai berperang, bahkan tidak boleh ada yang men"
@rvld.13,1,"gak panas apa nya psht tuh (hama jawa) di senggol dikit langsung main keroyokanğŸ¤¡ karnaval horeg di tegur ibu"" mau di keroyok juga"
@aress20_,1,hina china & jawa mereka gas kan dihina balik mereka minta merdeka. tebak suku??
@nationalistme,0,jelas suku pedalaman
@alexeiz4,0,Si marga pemegang kunci sorga jangan lupa
@justdqi,0,"kebanyakan Aceh si, yg Sumatra Laen biasanya yg koar koar segelintir aj, Aceh pun emg dikit aslinya yg minta pisah"
@namasiapa447,1,"mah itu dah yg bikin SDM kita rendah,makanya orang Indonesia itu badan besar tapi pemikiran nya kek anak kecil"
@zakfmw6661,0,kalo orang lampung ama batak sih g mungkin mereka solid ama jawa
@husainalyyyyyy,1,"klo g salah gini kata katanya: ""kita sudah di hina oleh orang javver"" klo G SALAH"
@krizzpychan,1,"aceh, melayu, minang dah itu semua, sama batak aja mereka tengkar kok"
@dimassiswanto701,0,"yang bikang jawa = hama 85% orang aceh,, suku suku lain di indonesia ngaakan bilang gitu ,gue yakin"
@ikiloakbar,0,gak ada yang peduli lu komen seburuk apapun itu
@user506734243687,1,"psht lu kira orang jawa doang, sunda juga banyak"
@rvld.13,0,wibu bau kencurrr
@frelll05,1,rill bro temen sekolah gw ngatain jawa=hama pas gw hina balik tiba tiba malah body shimming
@ncekksan,0,"sunda ama jawa bukan mah ga pernah koar"" dari jaman majapahit aja masih adem ayem tuh sunda"
@user3628274649,0,"lah sunda masih bagian jawa bg, gw di bekasi aj campur aduk nih bahasa nye"
@hydra3507,0,menikah sama orang jawa btw waktu itu juga peraturan dari Kerajaan sunda bukan kerajaan jawa
@halahhilihheleh,1,iya bener tapi yang rataÂ² bilang Jawir kebanyakan sunda
@givernyss,0,nah bener sunda masih toleran lah
@logicalthinker71,1,iya pulau numpang tapi beda suku
@strng_m4n,0,yakin nih adem ayem
@PatihGutawa,0,Orang Tionghoa tau menempatkan diri dimana tanah di pijak
@AnantaKusumo,0,ITU TOKO ORANG JAWA YANG UDAH TERKENA VIRUS KADRUN
@evaelly27,1,Hrs diusir dari negara kita Indonesia
@paklekmu,1,Keparat yg menyamar jadi arapat.
@EkoEkobigcity,1,Orang cina memang kaya babi kelakuannya
@alfian_fdn,1,Orang jawa malah nyusahin 1 negara
@PalingKepoooo,1,Orang cina dulu kebanyakan ga ikut berjuang ngelawan penjajah malah jualan cari cuan kan babi
@WahyuSe79831162,1,Cina berulah
@yudhas_19,1,gua bali dan emang bener jawa hama
@r.valdi02,0,"lah kok bawa2 Aceh, aku org Aceh aj gk ngehina Jawa loh, bhkn aku punya shbt org Jawa bhkn Papua akur2 aj tuh"
Dhiaseapa,1,"Intinya sumatra, aceh, sunda, gw pernah debat ama orangÂ² dari situ, Kalo lu liat ada orang Sulawesi, kalimantan, dll, ya itu mereka cuma fomo, ikutÂ² yg lain"
@ri4nfr,0,"kalimantan itu gak rasis yg jelas itu Sunda, aceh , Bugis, lampung"
@dendhiyoanda97,0,"pertanyaan nya, kalo mereka dibilang kayak gitu terima nggak ya?"
Ecto,1,yang bilang kaya gitu jawa jawa juga emang tujuannya buat mancing orang
@zidan.abigail,0,lah aku suku batak sering bela suku jawağŸ˜‚ bahkan sering debat sama orang aceh yg anti sma orang jawa
L I B A S G I L I E,0,"Terima kasih saudaraku disini saya juga berteman dengan orang batak, sudah seperti saudara sendiri"
@parinjan12,1,"JAWA = Hama, btw aku Batak nih bang"
HAQI,1,Aceh udah beda negara kan?
Krizzpy Chan,0,"batak itu terkenal etos kerjanya, bahkan diterima di jawa"
ArÏ‡.,1,"""Jawa=hama"" Battle cry of ORANG MISKIN"
NDOLIP,0,Jawi tiang losss
senpai,0,org pdlaman mana sih ini
devi setia,1,org terkaya di asean jawa bos..yg punya jarum.bca.politron..
makminZhu,1,lagi mikir habib rizik laknatullah lagi ngapain yah wkwk
pussay longgarğŸ’…ğŸ¥°ğŸ‘ï¸ğŸ‘„ğŸ‘ï¸,1,mending papua daripada jawa kota limbah
SI ROH KUDIS,1,jawir nyamar
ACEH Pride,1,SUNDA ROHINGYA pasti
ANDREY WILLIAM ğŸ‡®ğŸ‡©,1,panas? nanti ku beri bansos biar kalian tidak menjerit lagi
@HampersJono,1,Cina tolol
@gusdulwacikul,1,"Cino tionghoa seng kelakuane koyok asu, cino jowo bedo neh koyok koncoku"
@ArrosidNu,0,Ish ngeri kali berani lawan Tuhan.
@suepfian,1,"Padahal ga di bali. Yah, mohon dimengerti solidaritas muslim memang tinggi, mba. Cuma karena byk juga yg goblok, makanya meski salah tetep dibela, perkaranya ya cuma goblok itulah wkwkwk"
@udinkampreto,1,Begitulah hidup minoritas di konoha berdampingan dengan agama arogan
@AbdulFiqih16,1,"Eh tolol betina munafiqun mending diem aja klo ngg ngerti substanasi, lu pake hijab ko komen lu seakan-akan umat Muslim yang ngg toleran. Goblok"
bima suka nasi padang,0,muka gw cina tapi suku gw jawa
_dikaaagtgg_,1,irenfg sipit koe mas
Remon anggara,1,jawa magrib
bima suka nasi padang,1,seputih apa sih lu wkwkwkwk
Abu Hanif,1,"
ciwo Cino jowo"
empire.,1,JAWA=HAMA
Who am I now?,1,alah palingan Jawa bakalan sepi pas IKN selesai full 100%
ANDREY WILLIAM ğŸ‡®ğŸ‡©,1,"iya karna jawa pindah ke IKN lah, nanti yang menguasai IKN juga jawa sama chindo lagi"
pak kumis benci yahudiğŸ·,1,lah kok pindah pindah napa nggak netap aja di jawa ops iya kan kalian suka nggambek hak orang lain
ğ™‰ğ™ªğ™œğ™¯ğ™¯äº—Ë—Ë‹Ëà¶»à¶°ËËŠË—,1,"""Jawa:hama"" ucap suku pinggiran yang gak bisa nyaingi JawağŸ¥´"
Rifan Pengen Alphard,1,hama tapi dilirik dunia
farid,1,orang pelosok ya?
Fernrich Cassano,1,luar jawa=pakan hama
my EvanğŸ—¿,1,ini contoh nya giliran suku nya di hina malah ga terima
,1,"Jawa = HAMA, ucap orang daerah yang merasa tersingkir di daerahnya sendiri"
@ChannZhy,1,Plis lahh orang Jawa ga usah urusi yg d bali. Contoh nyepi kmrin malah kekeh mau kerja. Islam JAWA TOLOLÂ².
@hanyatopeng,1,"Umat agama mayoritas cari gara2? Udah biasa, umat agama mayoritas bikin ulah? Udah biasa"
@Kojie_muo,1,"Kalau macam tu, pulang sahaja ke negeri cina... Sini tanah islam, bukannya tanah cina ."
@kumaraasung,1,seru rasanya ngebom rumah ibadah penyembah berhala
@Naka83479490,1,Usir tka china...bikin ruksak nkri.
@kopisusustengah,0,Hukum mati lah. Segera. Bgtu ad putusan pendadilan lgsg eksekusi.
@BahyGaspar,0,"Sisi kemanusiaannya sudah hilang, yang ada hanya bajingan"
@Lamno422632,0,"Negara palsu,aslinya perusahaan swasta dikelola maffia"
@Bangdjun_id,0,Negeri cuan para bedebah
bvblevic,0,kasian daerah nya gaperna dilirik pemerintah ya
lah?,1,"batak=hama, pedalaman,plosok km_pungan"
D Alfiansyah,1,tapi yg ngerasisin cina itu kebanyakan orang jawa
TheVerdun,0,"Reneo mas nak Suroboyo, Omonganmu buktikno. Teko Endi Jawa rasis nak Chinese"
karai,1,buktinya ada? yg rasis sama chinese itu antek arab yaman
StrikeğŸ£,0,cindo tapi karyawan gue Jawa
ê¦±ê¦¶ê¦±ê§€ê¦®ê¦¤ê§€ê¦ ê¦ºê¦´ê¦«ê¦ºê¦´ ğŸ‡®ğŸ‡©,1,inget ya sebelum ngemis ke kerajaan jawa dulu china jadi apa suku budakanjepang
wkwk,1,negara gw indo tapi yg jadi raja nya Jawa
rokÂ¡zzzzz,1,asunda+asumatra=hama
ğ™”ğ˜¼ğ™‰ğ™•ğŸ‡§ ğŸ‡´_ğŸ‡´ ğŸ‡±ğŸ‘Œ,1,jawa = hama + prindavan
Morgan dapa,1,sumatra>jawa
Dhoo??,1,sumatra?easy
HamirBujangan,1,dasar kristen tolol penyembah berhala
vin,1,pulau isi nya cuma begal
gabut,1,sumatra sama jawa mah kalo di ml sama sama bot main nya
Xxx4LD0,0,Orang Sumatra kebanyakan keturunan Jawa
@DukuhYunuz,1,Cina lagi cina lagi ...bagong emang bikin masalah mulu
@Lind_Rachmawati,0,Ini memisahkan masyarakat penyuka yamin manis dan yamin asin ya?
@siasiapa1,1,"chindo tu belagak, makanya dirasisin org lokal,faktakok rata rata chindo belagak jdi org lokal muak"
@capricornada_,1,"Tapi chindo medan songong bet jir, bukan rasis ya tapi mereka yg songong ( ga semua tapi kebanyakan)"
@zikripasa,1,tapi di sini jg banyak Chindo yg merasa superior sampe ngata-ngatain fankuy fanyin. Sakit bgt sih pernah digituin cm karena gw pribumi
@wednesdaymisery,0,"Tlmeanwhile di negeri antah berantah, banyak yg ngaku-ngaku chindo, putihan dikit minta dipanggil cici."
@janegaos,1,"Tapi di negeri wakanda banyak yang ngaku2 chindo dan pengen jadi chindo, gatau aja mereka aslinya gimana"
@kangchunoona,1,Penyepong cindo detected
@DaengKolombo,1,Yg kabur ke LN bawa duit Indo kebanyakan juga chindo chindil !
@koe_regina82909,1,"PIK 1 & PIK 2 sengaja di rancang untuk bisnis orangÂ² tiongkok , sehingga dapat menciptakan Negara dalam Negara"
@ucancallmesiss,0,"terus nak kabeh do jaluk chindo, sing jowo tulen oleh opooo"
@dindasupriyatno,0,Wkwkwk kakean cangkem sih. Keblow up semua kan rasakno
HITAMKAN,0,disini kita bisa melihat hilang nya sila ke3
Dendhi Yoanda,0,"yaaah, begitulah. miris juga liat nya"
REPUBLIK CRF SRIKAT â˜¢ï¸,1,"apa""an dh jawa suku terhormat jdi suku kecil"" harus tunduk sama jawa inget kastaa tertinggi itu jawa"
Lunar linear,0,"miris liat,bahkan ada yang sampe bawa suku lain buat diadu"
Bagus Prasetyo,0,"temen cewek gua kan ada chindo jawa, udah kebal terhadap begituan"
Zee kanjuddd,0,yg bahas kerja siapa?maksud gw ya yg santai itu gak ada saling ejek dengan suku lain gak ada ras*s lawak amat abang ini
Adi.,0,"sebenernya GC ada yg bermusuhan .hanya saja oknum""saja yg bilang gitu yg SDM rendah"
ãƒˆãƒ¼ãƒã‚¹ãƒ»ã‚·ã‚§ãƒ«ãƒ“ãƒ¼,0,langsung diem dia Wak parah lu bang mental break down tuh dia
Adi.,0,primitif SDM rendah
k-,0,"serlock tak parani we, rasahh cangkemann"
xxx.sukakamu,0,-999999999999999999 adap
@janganlupamakan,1,"semua agama di indonesia goblok semua, agama hanyalah cuma cuma"
@hahaha77x,1,sumatra=hama
ğ•·ğ–”ğ–˜ğ–Šğ–—,0,mau yang bangun kristen atau islam atau hindu yang penting bangunnya dari uang halal boss
FRYKRIZX,0,Papua terlupakan
â™ª history music ğ„,0,"gak sabar mau ngerayain natal padahal gue muslim, selamat natal saudaraku"
@hhaijuli,1,beberapa saat kemudian chindo dan pribumi diganti Chindo dan Non Chindo
@prayuyal,1,"enyataan-nya begitu, kecuali kalo pribumi berduit bisa beda cerita"
@maminyabear,1,Halah china kere juga bnyak tolol
@fryyyboyyy,1,Iya klo pribumi miskin jadi omongan sampe mati
@guuonndrongg,1,"Chinesenya aja yg sosoan. Tanah indonesia, mereka cuma numpang lahir, tp gayanya kek pemilik tanah aja"
@moofuchi,1,chindo gapunya toko jg dianggep rendah
kekk,1,jawa = hama ....kata kata orang pedalaman hutan belantara yang tak terjamah peradaban dan agama
setiawan,1,Jawa terlalu populer makanya banyak yg iri
ily bill,0,"ingat bro pejuang kemerdekaan itu gak melihat suku mana, mereka adalah NKRI"
CaptVinz,1,"Jawa=hama , ucap suku yang kalo dirasisin balik minta merdeka"
alfarizzzz,0,wes rasah koyo ngono damai wae kan awak dewe wong indo
Bukan orang penting,0,yg gak pernah ngehina suku Indonesia absen gw dari(aceh)
ffffff,0,perselingan cina jawa
â€”Frey4,0,"Pandai Menghina Namun Bodoh Untuk Berkaca, Terkadang Manusia Terlalu Kuno Dalam Bermain Logika. Umur Hanya Angka, Attitude Diatas Segalanya."
Unknown,0,kami yg dari timur cuma bisa diam aja
ANDREY WILLIAM ğŸ‡®ğŸ‡©,0,yang penting setia sama NKRI
arTZ,0,ntahlah org org skrg kagak ada rasa tolerannya samsek
Ley,0,toleran pls
é™ˆå°å¸Œ,0,iya sila ke 3 tapi kdg ada sosok anomali
ğ–›ğ–ğ–™ğ–”ğ–”,0,"sila ke 3 tidak di pakai oleh orang"" yang tidak kenal pendidikan"
ZycXğŸ‘¾,0,"gak terwujud emg, ibarat misal udah gak ada lagi yg saling rasisin suku.. tapi nanti ada yg memecah belah lagi garaÂ² agama"
rantijii,1,jawa bner bner kena bgt dh sampe dibilang jawa = hama gitu
aslansangsenja,1,"sumatra mana pernah dihina, kalo pun ada gk sebanyak jawa dan china"
vin,1,"kan yg hina Jawa kebanyakan orang Sumatra,kenapa ngaku2 jadi korban?"
AMBARUWOK,0,kesenggol dikit minta merdeka
Ky_dst,0,itu mah Aceh bg gw yg Sumbar yakali keluar NKRI
Sy,1,"kena Rasis dikit langsung mau bikin negara sendiri, giliran ada apaÂ²nyalahin pemerintahan jawa"
RA,0,"Gk bro , yg bilang rata2 provinsi paling barat indo , walaupun ga semua"
lapzz20,1,Malah itu rata2 yg komen Jawa=hama
ğŸ’£ğŸ’£ğŸ’£ğŸ’£ğŸ’£,0,"Sumatra yang mana?Aceh atau Batak,etnis Jawa dan cina benar benar di rasisin habis habisan"
RA,0,"Setahuku suku besar di Indo yg hampir tidak pernah rasis ke jawa adalah, batak,dayak,orang timur,bugisğŸ˜"
wong jowo,0,bro yang rasis tidak tau kalau semua pondasi bangunan di luar negri buatan orang Jawa (Prof. Dr. (HC). Ir. R. M. Sedyatmo)
@muchlisraya226,1,Pantesan Madura tidak majuÂ².
@vwxyzika,0,"Buat kayak gini nder. Yg highlight merah kata kerja dari pengalaman kamu, highlight kuning berkaitan sm yg kamu lakuin, highlight biru apa yg dicapai, perkuat hasilnya pake angka kayak di highlight hijau. Semoga membantu yaa"
@nayafternoon,0,yang bener aja anjing louis seganteng ini si oliv meleng ke sebelah STOP DISRESPECTING OLIVIA
@DelicaSugeng,1,Jawa tengah mau dipaksa memilih pemimpin model seperti ini?
@Barbarossa747,1,"Maksud Anies tuh prabowo lebih berwibawa di kancah international Beda sama mulyono yang planga plongo di international, 10thn indonesia seakan redup Gitu aja kok ga ngerti, oiya kan penyefong mulyono kbnykan tolol"
@bekalicky,1,Lihat orang Timur dan PSHT Jawa kelahi itu sudah lazim. Dukung Koh @LexWu_13 baku hantam kungfu one by one lawan Chindo Surabaya tengil di luar Jawa. Lokasi ideal yang jauh dari jangkauan aparat dan bisa pinjam tombak dan parang di warga sih di Sumba Tengah atau Pulau Wetar.
@R19cakra,1,Cina guyur hutang Indonesia dan Ppn 12% disahkan per 1 Januari 2025. Indonesia gagal sejahterakan masyarakat menengah dan miskin. SIAPÂ² BADAI PHK DAN INFLASI.
@yeerimc,1,Polemik SMA Kristen Gloria 2 Surabaya belakangan viral di media sosial. Seorang pria yang diduga wali murid meminta seorang siswa merangkak sambil menggonggong. Ia juga tampak marah-marah kepada beberapa orang di sekitarnya. Persitiwa itu telah diadukan ke polisi. Lalu seperti
@Yudhi2024,0,"Tp fakta di lapangan, si Fufufafa sang pangeran Anak Raja Jawa mampu mengubah si macan asia jd kucing anggora, jinak tak berdaya"
@ulyafaqihatinn_,0,Lagi suka 2 model ini doang krn baru belajar hijab menutup dada
@adeirra,0,"Selamat Hari Natal, Indonesiaku yang merayakan, dari timur sampai ke barat, utara ke selatan. Semoga Damai Natal selalu bersama kita semua."
@pinotski,0,"Saat natal ""Merry christmas!"" kami ucapkan kepadanya. Saat lebaran ""Eid mubarak!"" dia ucapkan kepada kami. Selamat natal, teman-teman semua yang merayakan!"
@Rizieq_Sangean,1,Kadrun garis keras di Indonesia ada yg ngaceng ga ngeliat wanita2 UEA tanpa penutup aurat?
@sweetiestevia,0,gue pengen masukin lamaran di sekolah kristen atau katolik gt deh tp bingung ngirimnya kmn
@SammiSoh,0,ni bukti tentara darat IDF tidak asal bunuh sipil Palestina yg berselisih paham dgn mrk. Tentara Israel ini menunjukkan pentingnya sebuah batas yg dijaga utk tdk dilanggar sehingga masing2 pihak berada di wilayah masing2
@kurawa,0,"Planga Plongo, Pak Lurah, Mulyono Hingga puluhan sebutan bullyan kepada bapak @jokowi datang silih berganti tidak pernah engkau hiraukan. Kami akan kenang  saat merasakan lancarnya jalan tol, Pelabuhan hingga airport baru yg engkau wariskan ke negeri ini"
@jokowi,0,"Raja Salman dalam dialog lintas agama kemarin, mengingatkan kita untuk memerangi ekstremisme, radikalisme, dan menjaga toleransi "
@BEMFKG_UNHAS,0,"Selamat Hari Toleransi Internasional! Mari kita rayakan keberagaman dan perbedaan sebagai kekuatan yang memperkaya kita semua. Dengan saling menghargai dan memahami, kita bisa menciptakan dunia yang lebih damai dan harmonis. "
@AndikaPerkasa02,0,"Hari ini adalah moment yang sama-sama kita nantikan. Pesta demokrasi ini harus dirayakan dengan bahagia. Karena Hari ini kita bukan sekadar memilih pemimpin, kita sedang menentukan arah masa depan provinsi Jawa Tengah yang sama-sama kita cintai ini."
@yteeam,0,labubu jawa.
@WidasSatyo,0,Sampai malam ini algoritma temlen belum liat ada bahasan tentang erupsi Gunung Lewotobi di NTT yg sampe merenggut banyak korban jiwa. 10rb warga sekitar gunung terdampak.
@kdrama_menfess,0,â€¢KDMâ€¢ KIM GOEUN FOR ELLE MAGAZINE KOREA FOTO INI DI CIWIDEY (JAWA BARAT) INDONESIA
@hendrarprihadi,0,setiap anak muda di Jawa Tengah harus mendapat pendidikan terbaik tanpa terbebani biaya
@wizardfes,0,"/wzd nemu di archive, harry potter pake bahasa sunda"
@girlblogueuse,0,Org Inggris-Jawa: â€œpiye thoughâ€
@kitschhoff,0,Orang Prancis-Jawa be like â€œSopo qui?â€
@Mata_Netizen62,1,Darurat Pilkada Jateng  Selamatkan Jateng Dari Cengkraman Partai Coklat Caranya Jangan Kasih Ruang Cagub Yang Didukung MULYONO Sang Perusak Konstitusi! Demi Jawa Tengah #DaruratPilkadaJateng
@BAMPOOKIE,0,Bener kan kata aku wonyoung teh orang sunda
@irwanyns,0,"Duo wewangian yg bkin kamarku jadi segerr+calming, pulangâ€ pusing masuk kamar auto rileks!! Luvv bgtt dahh  Wangi teh jawa Wangi teh hijau"
@Anak__Ogi,1,"Dia yg ga mampu bekerja atasi macet, dia pula yg langgar aturan car free day. Khofifah ini gubernur gagal, intoleransi makin marak di Jatim, kemiskinan, dan korupsi. Dia sendiri selain semena-mena, kantornya digeledah KPK. Beleng jika warga Jawa Timur memilih orang ini lagi!!!"
@choconoyi,0,"Kalau punya sawah trus sawahnya deket pantai gini mau ga ? Loc : Pantai Pangasan, Pacitan, Jawa Timur"
@choconoyi,0,"Menikmati mie rebus, suasananya adem, dan dikasih view yang cantik seperti ini kayaknya bikin betah deh  Loc : Omah Kembang Merbabu, Magelang, Jawa Tengah"
@emprosay,1,ISLAM merubah Wajah gelap di block O Chicago menjadi cerah
@Srik4ndiMuslim2,1,"Khofifah terlibat dalam korupsi dana hibah provinsi Jawa Timur. Kalau dia terpilih, dia akan jadi boneka Aguan. Dia tidak bisa membela rakyat"
@kejambuan,0,Aku dapat snoopy jawa
@deemokrasi,0,"orang luar jawa ini real kah, kalo di luar matahari nya ga se terik di sini ?"
@Abe_Mukti,0,"Menyempatkan membaca di sela-sela acara Retreat Kabinet Merah Putih di Magelang, Jawa Tengah."
@mamikdjer,0,Assalamualaikum
HAQI,0,Entah kenapa makanan asal cina selalu enak!
